label,feat_0,feat_1,feat_2,feat_3,feat_4,feat_5,feat_6,feat_7,feat_8,feat_9,feat_10,feat_11,feat_12,feat_13,feat_14,feat_15,feat_16,feat_17,feat_18,feat_19,feat_20,feat_21,feat_22,feat_23,feat_24,feat_25,feat_26,feat_27,feat_28,feat_29,feat_30,feat_31,feat_32,feat_33,feat_34,feat_35,feat_36,feat_37,feat_38,feat_39,feat_40,feat_41,feat_42,feat_43,feat_44,feat_45,feat_46,feat_47,feat_48,feat_49,feat_50,feat_51,feat_52,feat_53,feat_54,feat_55,feat_56,feat_57,feat_58,feat_59,feat_60,feat_61,feat_62
Hello,0.6461092233657837,0.9652016162872314,6.286805387389904e-07,0.5507295727729797,0.9163669943809509,-0.034993574023246765,0.4794401526451111,0.8224031925201416,-0.052165716886520386,0.4340164065361023,0.7406833171844482,-0.06695671379566193,0.38970309495925903,0.6734641790390015,-0.08047530055046082,0.5284479856491089,0.6405658721923828,-0.020249025896191597,0.5098381638526917,0.5057073831558228,-0.04458122327923775,0.50114905834198,0.42449259757995605,-0.06701676547527313,0.49620547890663147,0.35097551345825195,-0.08451075106859207,0.5903288125991821,0.6254234313964844,-0.026451896876096725,0.5745326280593872,0.47980794310569763,-0.04595893993973732,0.5669751763343811,0.3884791433811188,-0.0673409104347229,0.5596737861633301,0.3085635304450989,-0.08438019454479218,0.649592399597168,0.6393945217132568,-0.03869681432843208,0.6475772261619568,0.5006319880485535,-0.06278426945209503,0.6469960808753967,0.4147832989692688,-0.0791323110461235,0.642734169960022,0.33604148030281067,-0.09140001237392426,0.7097426652908325,0.675057053565979,-0.05453366041183472,0.726000189781189,0.568327009677887,-0.07804710417985916,0.7371190190315247,0.49636030197143555,-0.08686764538288116,0.7447601556777954,0.4259840250015259,-0.09258423745632172
Hello,0.6476814150810242,0.961929440498352,6.302551582848537e-07,0.5518649816513062,0.9147733449935913,-0.03476056829094887,0.4793606102466583,0.8222920298576355,-0.05191323161125183,0.4336434304714203,0.7411689758300781,-0.06658915430307388,0.3897392749786377,0.6744934916496277,-0.08006227016448975,0.5277236700057983,0.6414041519165039,-0.02207786589860916,0.5090053677558899,0.5058103799819946,-0.04601290076971054,0.49998384714126587,0.4247734248638153,-0.06767019629478455,0.4943453073501587,0.3515903353691101,-0.08460281044244766,0.5896211862564087,0.6254435181617737,-0.028226343914866447,0.5743488073348999,0.4785915017127991,-0.04731985181570053,0.5669212937355042,0.3876652121543884,-0.06798041611909866,0.5593616366386414,0.30840858817100525,-0.08454813063144684,0.6490901708602905,0.6385225653648376,-0.040216900408267975,0.6466889381408691,0.4989646077156067,-0.0639079138636589,0.6460413932800293,0.4128169119358063,-0.08034820109605789,0.6416075229644775,0.33408546447753906,-0.09280131012201309,0.7091090679168701,0.6733453869819641,-0.055700577795505524,0.7249699831008911,0.5662283301353455,-0.0790616050362587,0.7361215949058533,0.49418866634368896,-0.08812794834375381,0.7441196441650391,0.4241216480731964,-0.09408591687679291
Hello,0.6477590203285217,0.961557149887085,6.434681836253731e-07,0.552156388759613,0.9146333336830139,-0.03618893772363663,0.48069071769714355,0.8221932649612427,-0.05417703464627266,0.43499311804771423,0.7412691712379456,-0.06953052431344986,0.39075443148612976,0.6725287437438965,-0.08360186964273453,0.52828049659729,0.6388625502586365,-0.022207120433449745,0.5094131231307983,0.5046094655990601,-0.04710705205798149,0.5004622340202332,0.4236266016960144,-0.06987906992435455,0.49550941586494446,0.3500601053237915,-0.08747193962335587,0.5905712246894836,0.6239385008811951,-0.028045224025845528,0.574626088142395,0.47882044315338135,-0.04811512306332588,0.566499650478363,0.3868043124675751,-0.06983986496925354,0.5587196350097656,0.30628082156181335,-0.0870816558599472,0.6500993967056274,0.6376614570617676,-0.03997964784502983,0.648485541343689,0.5003581047058105,-0.06462233513593674,0.6477974653244019,0.41441604495048523,-0.08131121844053268,0.6433792114257812,0.33507415652275085,-0.09370370209217072,0.7101349234580994,0.6727327704429626,-0.055566735565662384,0.7263445258140564,0.5651737451553345,-0.0796080082654953,0.7378822565078735,0.4933762550354004,-0.08865415304899216,0.745823860168457,0.4228878617286682,-0.09442544728517532
Hello,0.6482930183410645,0.9601852297782898,6.456473897742399e-07,0.5534206032752991,0.913788914680481,-0.03600116819143295,0.48123589158058167,0.8213030695915222,-0.053550317883491516,0.43493491411209106,0.741077184677124,-0.06836643815040588,0.3912917971611023,0.6723992228507996,-0.08174516260623932,0.5276601910591125,0.6388682723045349,-0.022295208647847176,0.5090391039848328,0.5039989948272705,-0.04640830308198929,0.5002008080482483,0.4229481518268585,-0.06831473112106323,0.4949411153793335,0.34999796748161316,-0.08531694859266281,0.5897371768951416,0.6230179667472839,-0.027746690437197685,0.574299156665802,0.4777218699455261,-0.04690929129719734,0.5665806531906128,0.38664552569389343,-0.06774815171957016,0.5588788986206055,0.30764251947402954,-0.08436129242181778,0.6494550704956055,0.63600093126297,-0.039208102971315384,0.6479102969169617,0.49806782603263855,-0.06281838566064835,0.647511899471283,0.41247838735580444,-0.07906846702098846,0.6431480646133423,0.3339296579360962,-0.09129036962985992,0.7094863057136536,0.670648455619812,-0.05431290343403816,0.7259792685508728,0.5640010833740234,-0.07751471549272537,0.737187385559082,0.4923016130924225,-0.08643314242362976,0.7448554635047913,0.42219623923301697,-0.09218551963567734
Hello,0.6493905782699585,0.9599103927612305,6.511260721708823e-07,0.5542756915092468,0.9140915870666504,-0.03706413879990578,0.481981486082077,0.8222390413284302,-0.05541323125362396,0.43500638008117676,0.7416011691093445,-0.07094239443540573,0.3912879228591919,0.6707470417022705,-0.08493176102638245,0.5277746915817261,0.6386643648147583,-0.023209214210510254,0.5089098811149597,0.5038913488388062,-0.04818412661552429,0.5000905990600586,0.42276129126548767,-0.07078235596418381,0.4950723946094513,0.34942469000816345,-0.0881851390004158,0.5897960066795349,0.6226208209991455,-0.028411278501152992,0.5741183161735535,0.47807610034942627,-0.04834318533539772,0.566229522228241,0.38670626282691956,-0.06964482367038727,0.5584192872047424,0.3072616159915924,-0.08655281364917755,0.6494463682174683,0.6353663802146912,-0.0397903136909008,0.6479603052139282,0.4980652928352356,-0.06409488618373871,0.6473129987716675,0.41246363520622253,-0.0806334838271141,0.6426141262054443,0.33364012837409973,-0.09295670688152313,0.7095578908920288,0.6696548461914062,-0.05490465834736824,0.7262876033782959,0.5623102188110352,-0.07872022688388824,0.7376987934112549,0.4902036786079407,-0.08794404566287994,0.7452900409698486,0.41976863145828247,-0.09382530301809311
Hello,0.6494210362434387,0.959549069404602,6.549736895067326e-07,0.5539231896400452,0.913195013999939,-0.03735438734292984,0.48125991225242615,0.8213216066360474,-0.05576317384839058,0.43501928448677063,0.7402138710021973,-0.0712810605764389,0.39225155115127563,0.6684618592262268,-0.08521278202533722,0.5274015665054321,0.6384752988815308,-0.023763440549373627,0.5084718465805054,0.50389164686203,-0.04914189130067825,0.499141126871109,0.422528475522995,-0.0719982236623764,0.49341076612472534,0.34893810749053955,-0.08956068009138107,0.5897365808486938,0.6222201585769653,-0.028929900377988815,0.5742093920707703,0.477953165769577,-0.04928453266620636,0.5661872625350952,0.3864265978336334,-0.07077020406723022,0.5579907298088074,0.30655139684677124,-0.08775892108678818,0.6494931578636169,0.6350128650665283,-0.040297869592905045,0.6479443311691284,0.49776333570480347,-0.0651312991976738,0.6471446752548218,0.4119412302970886,-0.08173853904008865,0.6421177387237549,0.33293578028678894,-0.09400125592947006,0.7096263766288757,0.6696439385414124,-0.05540371313691139,0.7265689373016357,0.5624353289604187,-0.07969290018081665,0.7379991412162781,0.49012231826782227,-0.08898935467004776,0.7453776597976685,0.41969066858291626,-0.09483461081981659
Hello,0.6493454575538635,0.9583214521408081,6.478391583186749e-07,0.5541630983352661,0.9134014844894409,-0.03717292845249176,0.48141908645629883,0.8215570449829102,-0.05534331500530243,0.43560320138931274,0.7401946783065796,-0.07063660770654678,0.3926926553249359,0.6692306399345398,-0.08439649641513824,0.5278263688087463,0.6385515332221985,-0.02371576614677906,0.5082108974456787,0.504427969455719,-0.04891251027584076,0.49870964884757996,0.42320021986961365,-0.07151445001363754,0.4931948184967041,0.34971439838409424,-0.08891843259334564,0.5901255011558533,0.6219855546951294,-0.028898345306515694,0.5742534399032593,0.4777097702026367,-0.04916204512119293,0.5663225054740906,0.38636207580566406,-0.07039676606655121,0.5586276054382324,0.3069148361682892,-0.08722827583551407,0.6498730182647705,0.6344295144081116,-0.040265850722789764,0.6483311057090759,0.49740704894065857,-0.06499643623828888,0.6473259925842285,0.41184520721435547,-0.08143195509910583,0.6423588991165161,0.33310467004776,-0.09363541007041931,0.7100008130073547,0.6686407327651978,-0.055376119911670685,0.7268301844596863,0.5612804889678955,-0.07945384085178375,0.7379201054573059,0.48925647139549255,-0.08867534250020981,0.7448821663856506,0.41900506615638733,-0.09457991272211075
Hello,0.6491833329200745,0.9578638076782227,6.444030304919579e-07,0.5539824366569519,0.9132053256034851,-0.03655374050140381,0.4810822606086731,0.8211815357208252,-0.054428547620773315,0.434744656085968,0.7403491139411926,-0.06946410983800888,0.39139920473098755,0.6703512668609619,-0.08315252512693405,0.5279073715209961,0.6380528807640076,-0.023771928623318672,0.5083504319190979,0.5040270686149597,-0.048464756458997726,0.498374342918396,0.4229624569416046,-0.07074008882045746,0.4920694828033447,0.34980741143226624,-0.08795122802257538,0.5905134081840515,0.6216021776199341,-0.029112499207258224,0.5747845768928528,0.4770616292953491,-0.04886509105563164,0.5664290189743042,0.38539788126945496,-0.06998693943023682,0.5582103729248047,0.30591344833374023,-0.08678948134183884,0.6504159569740295,0.6341344118118286,-0.04046182334423065,0.64884352684021,0.4971495568752289,-0.06466134637594223,0.647624671459198,0.41127851605415344,-0.08125980198383331,0.6423497200012207,0.33220911026000977,-0.09368034452199936,0.710330605506897,0.6685827970504761,-0.05545799434185028,0.7267616987228394,0.5616358518600464,-0.07925082743167877,0.7375662326812744,0.489607572555542,-0.08853685855865479,0.7445189952850342,0.41917750239372253,-0.09450623393058777
Hello,0.6504226922988892,0.9584060311317444,6.472830591519596e-07,0.554801344871521,0.914412796497345,-0.037573669105768204,0.4815443754196167,0.8231969475746155,-0.055948637425899506,0.4357386827468872,0.7421837449073792,-0.07127365469932556,0.3928784728050232,0.671176016330719,-0.0851157158613205,0.5271100401878357,0.6391671299934387,-0.02541164495050907,0.507548987865448,0.5046418905258179,-0.05056947469711304,0.4975346028804779,0.423366904258728,-0.0729774609208107,0.4911234974861145,0.3500314950942993,-0.09023521840572357,0.5901525020599365,0.6220490336418152,-0.030431244522333145,0.5742517709732056,0.47717177867889404,-0.05065441131591797,0.565976083278656,0.38528844714164734,-0.07183681428432465,0.5577573776245117,0.305746465921402,-0.08861242234706879,0.6505646109580994,0.634293258190155,-0.04153039678931236,0.6498010754585266,0.4971160292625427,-0.06631570309400558,0.6490823030471802,0.4110148549079895,-0.08311741799116135,0.644126832485199,0.3318559229373932,-0.0955391526222229,0.7111293077468872,0.6684422492980957,-0.05632075294852257,0.7281559705734253,0.5609771609306335,-0.08069923520088196,0.7390042543411255,0.48869311809539795,-0.09024593234062195,0.745712399482727,0.41807419061660767,-0.09628790616989136
Hello,0.6483989357948303,0.9584578275680542,6.556876428476244e-07,0.552641749382019,0.9134926199913025,-0.03706565126776695,0.4798043966293335,0.8218172788619995,-0.05485530197620392,0.4343177080154419,0.7412770986557007,-0.069669209420681,0.39185458421707153,0.6717069745063782,-0.08307863771915436,0.5266396403312683,0.6389971375465393,-0.02466832660138607,0.5074575543403625,0.5042858123779297,-0.04950420930981636,0.4976032078266144,0.4225374162197113,-0.07177722454071045,0.491153359413147,0.34877583384513855,-0.0889875739812851,0.5896623730659485,0.6221304535865784,-0.02979915402829647,0.5741410255432129,0.4770442843437195,-0.0495794378221035,0.5658398866653442,0.3850293755531311,-0.07055654376745224,0.5574934482574463,0.3051617741584778,-0.08727728575468063,0.6499629020690918,0.6346378922462463,-0.04096420109272003,0.6493980884552002,0.49726566672325134,-0.0652853325009346,0.6488165259361267,0.41096144914627075,-0.08169044554233551,0.6439992785453796,0.3316536247730255,-0.09391798079013824,0.710364043712616,0.6690779328346252,-0.055836256593465805,0.7276122570037842,0.561593234539032,-0.07971103489398956,0.7389768362045288,0.48948729038238525,-0.0888027548789978,0.7462818622589111,0.41907182335853577,-0.09458597749471664
Hello,0.6501566767692566,0.9593653678894043,6.412704465219576e-07,0.5552304983139038,0.9159075021743774,-0.03587337210774422,0.4827061593532562,0.8243179321289062,-0.05332709103822708,0.4373384714126587,0.7443888783454895,-0.06801510602235794,0.3937299847602844,0.6770888566970825,-0.08151454478502274,0.5275682806968689,0.6391268968582153,-0.024281777441501617,0.5076135993003845,0.5050065517425537,-0.048751100897789,0.4975697696208954,0.42370957136154175,-0.07085666805505753,0.49122607707977295,0.35021233558654785,-0.08801952004432678,0.5903138518333435,0.622199296951294,-0.030086884275078773,0.5743657946586609,0.4766271114349365,-0.04977760091423988,0.5656752586364746,0.38420701026916504,-0.07089532166719437,0.5567976832389832,0.3045855462551117,-0.08773946762084961,0.6503775715827942,0.634817361831665,-0.041758619248867035,0.6498028635978699,0.4971907138824463,-0.06605672836303711,0.6487627029418945,0.4107661545276642,-0.08287571370601654,0.6433854103088379,0.33168765902519226,-0.09547119587659836,0.7105310559272766,0.6694590449333191,-0.056994423270225525,0.7282223701477051,0.5609956979751587,-0.08083963394165039,0.7396359443664551,0.4886826276779175,-0.0901939868927002,0.7466776371002197,0.41838884353637695,-0.09629032760858536
Hello,0.6491281986236572,0.9585866928100586,6.435323598452669e-07,0.5542479157447815,0.9150736927986145,-0.03626103326678276,0.48090657591819763,0.823600709438324,-0.053968701511621475,0.435036838054657,0.7438376545906067,-0.06876850873231888,0.3915593922138214,0.6764495372772217,-0.08241606503725052,0.5275923609733582,0.6392655968666077,-0.025496868416666985,0.5080208778381348,0.5048691630363464,-0.05022697523236275,0.4979930520057678,0.4235408306121826,-0.07233675569295883,0.49149852991104126,0.3501698672771454,-0.0895882397890091,0.5904099345207214,0.6226426959037781,-0.03139491006731987,0.5745406746864319,0.4764389395713806,-0.05133200064301491,0.566020131111145,0.38429224491119385,-0.07234751433134079,0.5572673678398132,0.3047145903110504,-0.08917971700429916,0.6506372690200806,0.6360920071601868,-0.04316408559679985,0.6496509909629822,0.4966698884963989,-0.0680108517408371,0.6490105390548706,0.40982139110565186,-0.084736168384552,0.6438657641410828,0.3301263451576233,-0.09729932993650436,0.7110978960990906,0.6719148755073547,-0.05848337337374687,0.7286041975021362,0.5627948045730591,-0.08305840194225311,0.740359365940094,0.49023962020874023,-0.09250303357839584,0.747576117515564,0.4195910692214966,-0.09866608679294586
Hello,0.6494964361190796,0.9605731964111328,6.418997031687468e-07,0.5549586415290833,0.9181959629058838,-0.03728192299604416,0.48267388343811035,0.825656533241272,-0.05539507046341896,0.43671107292175293,0.7439469695091248,-0.07046334445476532,0.3927323818206787,0.6751112937927246,-0.08423354476690292,0.5271213054656982,0.6404876708984375,-0.025386493653059006,0.5074148774147034,0.5063598155975342,-0.05021137371659279,0.49735620617866516,0.42487356066703796,-0.07255560904741287,0.490986168384552,0.35122764110565186,-0.0900077372789383,0.5901577472686768,0.623453676700592,-0.030739573761820793,0.574000358581543,0.4777541756629944,-0.050769105553627014,0.5654071569442749,0.38548824191093445,-0.07205488532781601,0.556709349155426,0.30566757917404175,-0.08907337486743927,0.6505860090255737,0.6364724636077881,-0.04207858443260193,0.6497459411621094,0.49787700176239014,-0.066828653216362,0.6488251686096191,0.41065943241119385,-0.08366093039512634,0.6437048316001892,0.3305014967918396,-0.09637022763490677,0.7111687064170837,0.6718202829360962,-0.057065851986408234,0.7285251617431641,0.5633119344711304,-0.08143135905265808,0.7401683926582336,0.4909038245677948,-0.09083467721939087,0.7473976612091064,0.42035043239593506,-0.09701269119977951
Hello,0.6490665674209595,0.9604028463363647,6.499088840428158e-07,0.5541024208068848,0.917121410369873,-0.03728419542312622,0.47965008020401,0.8250949382781982,-0.05539567023515701,0.4329289197921753,0.7441863417625427,-0.07041982561349869,0.3896949291229248,0.6754095554351807,-0.08411350846290588,0.5264275074005127,0.6416139602661133,-0.026356853544712067,0.506421685218811,0.5067814588546753,-0.051289550960063934,0.4961886405944824,0.42541080713272095,-0.07328206300735474,0.48948198556900024,0.3522026240825653,-0.09035705775022507,0.5892633199691772,0.6246914863586426,-0.03189678117632866,0.5729436278343201,0.47756320238113403,-0.052086394280195236,0.5642715692520142,0.3849295377731323,-0.07308721542358398,0.5555527806282043,0.3049810528755188,-0.08976085484027863,0.6497104167938232,0.6376386284828186,-0.043404366821050644,0.6484015583992004,0.49814510345458984,-0.06846901029348373,0.6476842164993286,0.4106418192386627,-0.0854567289352417,0.6426626443862915,0.33036938309669495,-0.0980437621474266,0.7103124260902405,0.6726379990577698,-0.058522842824459076,0.7271543145179749,0.5636228322982788,-0.08311977237462997,0.7388948202133179,0.4907168745994568,-0.0926959365606308,0.7464327812194824,0.420002818107605,-0.09887440502643585
Hello,0.6496100425720215,0.9614694118499756,6.399739049811615e-07,0.5536647439002991,0.9166860580444336,-0.03680681064724922,0.48003292083740234,0.8242053985595703,-0.054057613015174866,0.4337126612663269,0.7441586256027222,-0.06843265146017075,0.3901139497756958,0.6756762862205505,-0.08155903965234756,0.5267517566680908,0.6410114169120789,-0.02398303709924221,0.5055339336395264,0.5063365697860718,-0.04860663414001465,0.49489253759384155,0.4246502220630646,-0.07067732512950897,0.488158643245697,0.35107192397117615,-0.08775794506072998,0.5898459553718567,0.6243406534194946,-0.02932928502559662,0.5735710263252258,0.47902801632881165,-0.049390703439712524,0.5650498867034912,0.3866233229637146,-0.07057582587003708,0.5566632151603699,0.30691054463386536,-0.0873391255736351,0.6503700613975525,0.6367408037185669,-0.040805209428071976,0.6497513055801392,0.4984496235847473,-0.0657724067568779,0.6488503813743591,0.411460816860199,-0.08292844891548157,0.643783450126648,0.33150798082351685,-0.09553933143615723,0.711189866065979,0.670686662197113,-0.05590425431728363,0.728619396686554,0.5617496371269226,-0.08023794740438461,0.74001145362854,0.48900535702705383,-0.08984629064798355,0.7470947504043579,0.41786402463912964,-0.09605643898248672
Hello,0.6504387855529785,0.959917426109314,6.565136345670908e-07,0.5543563365936279,0.9167933464050293,-0.03755994513630867,0.479938268661499,0.8252169489860535,-0.0562184676527977,0.432572603225708,0.7450562119483948,-0.07180915027856827,0.389886736869812,0.6749188899993896,-0.08603180199861526,0.5255085229873657,0.6425555348396301,-0.027246741577982903,0.5057462453842163,0.5055673122406006,-0.053004682064056396,0.49602633714675903,0.42307719588279724,-0.07541459053754807,0.4896783232688904,0.34917017817497253,-0.09243703633546829,0.5878841876983643,0.6254153847694397,-0.03242059051990509,0.5696794986724854,0.4766961336135864,-0.05289226025342941,0.5596650838851929,0.38457706570625305,-0.0737033560872078,0.5495750308036804,0.3051915466785431,-0.08995552361011505,0.6485322117805481,0.6372405290603638,-0.04352603480219841,0.6432798504829407,0.49675559997558594,-0.06791715323925018,0.6403483152389526,0.4107683002948761,-0.08419345319271088,0.6335312724113464,0.3324769139289856,-0.09617556631565094,0.709640383720398,0.6709384322166443,-0.05837756395339966,0.7226850986480713,0.5611436367034912,-0.08207046985626221,0.7320518493652344,0.48851659893989563,-0.09119188785552979,0.7376471161842346,0.41847527027130127,-0.0968969389796257
Hello,0.6505727171897888,0.9623574018478394,6.414351787498163e-07,0.554313063621521,0.9200750589370728,-0.0383770726621151,0.48039406538009644,0.8287711143493652,-0.05838672071695328,0.4325806796550751,0.7475812435150146,-0.07546859979629517,0.3863913118839264,0.6796296238899231,-0.09135457128286362,0.5259996652603149,0.6424582600593567,-0.028378810733556747,0.5054475665092468,0.5066438317298889,-0.055792730301618576,0.49556034803390503,0.42421820759773254,-0.08007550239562988,0.48917853832244873,0.34905335307121277,-0.09865684062242508,0.5873851180076599,0.625032365322113,-0.03396355360746384,0.5657885074615479,0.4783267676830292,-0.056405551731586456,0.5528739094734192,0.3866139054298401,-0.0792074203491211,0.5400475859642029,0.3060159683227539,-0.09698652476072311,0.6475424766540527,0.6362249851226807,-0.0454302653670311,0.639433741569519,0.496099591255188,-0.07112815231084824,0.6337553262710571,0.41023316979408264,-0.08780542761087418,0.6244829893112183,0.3315869867801666,-0.1001899391412735,0.7092355489730835,0.6695692539215088,-0.06078009307384491,0.720617949962616,0.5603721141815186,-0.08511785417795181,0.7285511493682861,0.48714035749435425,-0.09432737529277802,0.7324743270874023,0.4164401888847351,-0.10020820051431656
Hello,0.6522803902626038,0.9623453617095947,6.234144507288875e-07,0.555916965007782,0.9202824234962463,-0.03828487917780876,0.4816523790359497,0.8296086192131042,-0.058328889310359955,0.4338360130786896,0.7487548589706421,-0.07538077235221863,0.3864690661430359,0.6824254393577576,-0.09131994098424911,0.5243667364120483,0.6461393237113953,-0.029187770560383797,0.4992263913154602,0.5104021430015564,-0.05662265047430992,0.485346257686615,0.428445428609848,-0.08044300228357315,0.47536104917526245,0.3542216420173645,-0.09882372617721558,0.586361825466156,0.6264817118644714,-0.035176150500774384,0.5619560480117798,0.47803255915641785,-0.058200497180223465,0.5483010411262512,0.3856646418571472,-0.0814012885093689,0.5352544784545898,0.30465278029441833,-0.0994052141904831,0.6475092768669128,0.637103259563446,-0.046940580010414124,0.6381430625915527,0.49616295099258423,-0.0736573189496994,0.631899356842041,0.4087459444999695,-0.09140933305025101,0.6224414706230164,0.3283529281616211,-0.10455048084259033,0.7103421688079834,0.6700913310050964,-0.062356725335121155,0.7214431166648865,0.5627329349517822,-0.08767490088939667,0.7285844087600708,0.48996224999427795,-0.09750868380069733,0.7321985960006714,0.419342041015625,-0.10388997197151184
Hello,0.6528811454772949,0.962022066116333,6.15843646301073e-07,0.5560817122459412,0.9208702445030212,-0.03764355927705765,0.47944527864456177,0.8310139179229736,-0.05641844868659973,0.4306069016456604,0.7495512366294861,-0.07201444357633591,0.38312503695487976,0.6832054257392883,-0.08647028356790543,0.5211584568023682,0.646952211856842,-0.027721434831619263,0.49360281229019165,0.511766254901886,-0.05290095508098602,0.47634124755859375,0.4302515983581543,-0.07488294690847397,0.46279338002204895,0.35751965641975403,-0.09219945222139359,0.5846524834632874,0.6254879236221313,-0.03356153890490532,0.5613674521446228,0.47645992040634155,-0.05413035675883293,0.5478224754333496,0.3837812542915344,-0.07563377171754837,0.5345398187637329,0.3046035170555115,-0.09275387227535248,0.6465798020362854,0.6353626847267151,-0.045155368745326996,0.6386648416519165,0.4964578449726105,-0.06989190727472305,0.632397472858429,0.40906384587287903,-0.08699510246515274,0.6222188472747803,0.3297157287597656,-0.1000387966632843,0.7096031904220581,0.6676701307296753,-0.06035760045051575,0.7218879461288452,0.5602807402610779,-0.08428128808736801,0.7293506264686584,0.48749688267707825,-0.09360935539007187,0.7330145835876465,0.4174433946609497,-0.09988436102867126
Hello,0.654915452003479,0.9647096395492554,5.888083478566841e-07,0.5574879050254822,0.9254084825515747,-0.03662404790520668,0.47986552119255066,0.8361194133758545,-0.054832905530929565,0.4298202395439148,0.7530685663223267,-0.06993325799703598,0.37915128469467163,0.6907320618629456,-0.08428454399108887,0.5202505588531494,0.649144172668457,-0.027285750955343246,0.48908689618110657,0.5142555832862854,-0.051932428032159805,0.4694472551345825,0.43171942234039307,-0.07390134036540985,0.4538009762763977,0.35778167843818665,-0.0915643498301506,0.5844839215278625,0.6260359287261963,-0.03375648707151413,0.558860182762146,0.47661080956459045,-0.05381781607866287,0.5434865355491638,0.3837827444076538,-0.07573461532592773,0.5281170010566711,0.30392447113990784,-0.09342610836029053,0.6475663185119629,0.6349942684173584,-0.045688360929489136,0.6366205811500549,0.49490800499916077,-0.07040692865848541,0.6271382570266724,0.406578928232193,-0.08818516880273819,0.6137385368347168,0.32613861560821533,-0.10191123187541962,0.7119225859642029,0.6669245362281799,-0.06102592498064041,0.7233346104621887,0.5584542751312256,-0.0854591578245163,0.7294411063194275,0.4845080077648163,-0.09524785727262497,0.7313833236694336,0.413327693939209,-0.10192717611789703
Hello,0.6584353446960449,0.9624290466308594,5.720077638216026e-07,0.5626445412635803,0.9127935767173767,-0.030032316222786903,0.4859314560890198,0.8175395131111145,-0.045772429555654526,0.43630629777908325,0.7386420965194702,-0.060350194573402405,0.38679608702659607,0.6813172101974487,-0.07486330717802048,0.5315473675727844,0.6416435837745667,-0.023951049894094467,0.5008671283721924,0.5048391819000244,-0.05222413316369057,0.48148679733276367,0.42019256949424744,-0.07622349262237549,0.4666993319988251,0.34605082869529724,-0.09427475929260254,0.5933848023414612,0.6231175065040588,-0.03376109525561333,0.5688292384147644,0.47282761335372925,-0.0579536035656929,0.5537080764770508,0.3778766691684723,-0.08165962994098663,0.5396612286567688,0.2952863574028015,-0.099390409886837,0.6560664772987366,0.6347407698631287,-0.04852817952632904,0.6458518505096436,0.4904916286468506,-0.07616867125034332,0.6381309628486633,0.403179407119751,-0.09314720332622528,0.6275932788848877,0.3253549337387085,-0.10489331185817719,0.7212624549865723,0.6690459251403809,-0.06611385941505432,0.7334486246109009,0.5576032996177673,-0.09146398305892944,0.7395340204238892,0.4831327795982361,-0.09950598329305649,0.7421271204948425,0.41277197003364563,-0.10405698418617249
Hello,0.6680271625518799,0.9537088871002197,5.607658977169194e-07,0.5715892910957336,0.8992555737495422,-0.03061707504093647,0.4968094229698181,0.8015425205230713,-0.04579619690775871,0.4507301449775696,0.7149562239646912,-0.059310395270586014,0.4066562354564667,0.6450971364974976,-0.07205464690923691,0.5466461181640625,0.6211117506027222,-0.0202086940407753,0.5198601484298706,0.4860917031764984,-0.046047646552324295,0.5044786334037781,0.40282201766967773,-0.06941387802362442,0.4928319752216339,0.330400675535202,-0.08704058825969696,0.6098576784133911,0.6054202318191528,-0.028386730700731277,0.5916142463684082,0.4557490348815918,-0.04922403395175934,0.5802454352378845,0.3625795543193817,-0.07140469551086426,0.5686424374580383,0.28307726979255676,-0.08842352777719498,0.6714956760406494,0.6191170811653137,-0.04187502712011337,0.6653148531913757,0.47924119234085083,-0.06632496416568756,0.6580879092216492,0.3938995599746704,-0.08244340121746063,0.647187352180481,0.3177044093608856,-0.0942324846982956,0.7343875765800476,0.6553372740745544,-0.05840631201863289,0.7487086057662964,0.5463511943817139,-0.08237630128860474,0.7560312747955322,0.47431862354278564,-0.09056740999221802,0.759610652923584,0.40518879890441895,-0.09530729800462723
Hello,0.6675406694412231,0.9498964548110962,5.478183879858989e-07,0.5714667439460754,0.8989879488945007,-0.03099406138062477,0.4973253011703491,0.8016022443771362,-0.04516023024916649,0.4517554044723511,0.71397864818573,-0.05776047334074974,0.41266798973083496,0.6416649222373962,-0.06912769377231598,0.5488227605819702,0.618666410446167,-0.014086120761930943,0.5232661962509155,0.4849051833152771,-0.03727190941572189,0.5099552273750305,0.40392354130744934,-0.059151116758584976,0.5012160539627075,0.33215826749801636,-0.07607434689998627,0.6112778782844543,0.6021289229393005,-0.021380174905061722,0.5931351184844971,0.4536917209625244,-0.03919483721256256,0.5832648873329163,0.3627813756465912,-0.059340231120586395,0.5740955471992493,0.28491127490997314,-0.0751924142241478,0.6718746423721313,0.6148687601089478,-0.03460599482059479,0.6665781736373901,0.4769323468208313,-0.05618986114859581,0.6619312167167664,0.3908761143684387,-0.07113198190927505,0.6547555923461914,0.3145138621330261,-0.08261530846357346,0.733566164970398,0.6501860022544861,-0.05127090960741043,0.7490767240524292,0.5441275835037231,-0.07190430164337158,0.7582123875617981,0.47374457120895386,-0.07886245846748352,0.7648907899856567,0.40651506185531616,-0.08342599868774414
Hello,0.659593403339386,0.9572103023529053,5.551808044401696e-07,0.5610301494598389,0.9048590660095215,-0.031193699687719345,0.4860873222351074,0.8098496794700623,-0.04649626463651657,0.4363110065460205,0.727444052696228,-0.060205116868019104,0.39124131202697754,0.6621043682098389,-0.07342631369829178,0.5382378101348877,0.633582592010498,-0.019966503605246544,0.511519193649292,0.4974448084831238,-0.04410725086927414,0.4968789219856262,0.4154135584831238,-0.06585194170475006,0.4865238070487976,0.342085063457489,-0.08275288343429565,0.6005752086639404,0.6154176592826843,-0.027768654748797417,0.5814765095710754,0.46619218587875366,-0.04678081348538399,0.5707223415374756,0.374302476644516,-0.0678020715713501,0.5604756474494934,0.29440122842788696,-0.08446051925420761,0.6615675687789917,0.6265925168991089,-0.0409829318523407,0.6544676423072815,0.48685699701309204,-0.06382376700639725,0.6501010656356812,0.39921835064888,-0.08073537796735764,0.6420725584030151,0.31980034708976746,-0.09347464889287949,0.7237676382064819,0.6597762107849121,-0.057346832007169724,0.7378256916999817,0.5503439903259277,-0.07930762320756912,0.7473080158233643,0.47659826278686523,-0.08760017901659012,0.7542128562927246,0.4064820408821106,-0.0930601954460144
Hello,0.6629553437232971,0.9553197622299194,5.881144033992314e-07,0.5647643804550171,0.9081965684890747,-0.03477132320404053,0.48943856358528137,0.8157665729522705,-0.051334742456674576,0.4397905766963959,0.7337084412574768,-0.06567283719778061,0.396028608083725,0.665073573589325,-0.07868943363428116,0.5380551815032959,0.633655846118927,-0.01928102970123291,0.5097454190254211,0.4975518584251404,-0.043613702058792114,0.49330517649650574,0.4151148200035095,-0.06571795791387558,0.4810389578342438,0.3422096371650696,-0.08275919407606125,0.600857675075531,0.6146429777145386,-0.025646166875958443,0.5803506374359131,0.4643145799636841,-0.04492832347750664,0.5674839615821838,0.37145474553108215,-0.06599729508161545,0.554977297782898,0.2915264666080475,-0.08236073702573776,0.6622703075408936,0.6257809996604919,-0.03804460167884827,0.6548340320587158,0.48590710759162903,-0.06140667945146561,0.6482650637626648,0.3987940847873688,-0.0775999054312706,0.6388109922409058,0.3201286792755127,-0.08962222933769226,0.7252686023712158,0.6591289043426514,-0.05401846021413803,0.7395533323287964,0.5526032447814941,-0.07658139616250992,0.7471651434898376,0.4805213212966919,-0.08459044992923737,0.7516862750053406,0.41084063053131104,-0.08961610496044159
Hello,0.6725650429725647,0.9546636343002319,5.624813184113009e-07,0.5754494071006775,0.9034037590026855,-0.03215308487415314,0.4979410767555237,0.8075926303863525,-0.04593661054968834,0.4483041763305664,0.723113477230072,-0.057649340480566025,0.40430349111557007,0.6548423767089844,-0.06820990890264511,0.5462421774864197,0.6263496279716492,-0.016663944348692894,0.5195474028587341,0.4911314845085144,-0.03929690644145012,0.5049145221710205,0.4081152677536011,-0.060678087174892426,0.49361535906791687,0.33519247174263,-0.0774347335100174,0.6089174151420593,0.6087160110473633,-0.023132581263780594,0.591367781162262,0.46056950092315674,-0.04026155546307564,0.5808180570602417,0.3692542612552643,-0.060022249817848206,0.5692614316940308,0.2913430631160736,-0.07573925703763962,0.6704134345054626,0.6211867332458496,-0.03545001521706581,0.6652701497077942,0.48137491941452026,-0.05678883567452431,0.6595093607902527,0.39589354395866394,-0.07205571234226227,0.6496621370315552,0.319356232881546,-0.08370530605316162,0.7329829335212708,0.6558287739753723,-0.051174890249967575,0.7478219866752625,0.5489230751991272,-0.0725703164935112,0.7557556629180908,0.47883498668670654,-0.08017823100090027,0.7603113055229187,0.411758691072464,-0.0849936306476593
Hello,0.6820073127746582,0.954153299331665,5.490512648975709e-07,0.5828826427459717,0.9014815092086792,-0.03252031281590462,0.5040310621261597,0.8033710718154907,-0.04577970877289772,0.454609751701355,0.7165101766586304,-0.057026952505111694,0.41210412979125977,0.6452432870864868,-0.06722760200500488,0.5581158399581909,0.6260892748832703,-0.016403693705797195,0.5307920575141907,0.49185359477996826,-0.039775826036930084,0.5163690447807312,0.4091516435146332,-0.061328403651714325,0.5058033466339111,0.33586061000823975,-0.07812267541885376,0.6216504573822021,0.6090629696846008,-0.02294313721358776,0.6030822992324829,0.46012425422668457,-0.04138020798563957,0.5927295088768005,0.36759641766548157,-0.061817437410354614,0.5824158787727356,0.28797945380210876,-0.0777490958571434,0.68352872133255,0.6218365430831909,-0.03551828861236572,0.677018404006958,0.48401904106140137,-0.05830952525138855,0.6705805659294128,0.39695844054222107,-0.07425372302532196,0.6612369418144226,0.31905031204223633,-0.08602797240018845,0.7464261054992676,0.656561553478241,-0.05150352045893669,0.7598623037338257,0.5512112975120544,-0.07389069348573685,0.7678366899490356,0.48079657554626465,-0.08193003386259079,0.7731139063835144,0.41353076696395874,-0.08698060363531113
Hello,0.6855188012123108,0.9585778117179871,5.908075877414376e-07,0.5846964716911316,0.9072191715240479,-0.03542477265000343,0.5083790421485901,0.8074836730957031,-0.049559034407138824,0.46077993512153625,0.7161220908164978,-0.06113460659980774,0.41785240173339844,0.6398894190788269,-0.07130393385887146,0.5617256164550781,0.6255393624305725,-0.015900924801826477,0.5364782214164734,0.48833024501800537,-0.03881927579641342,0.5237835645675659,0.4038999080657959,-0.06052964925765991,0.5151132941246033,0.3278985023498535,-0.07777167856693268,0.6269582509994507,0.6090846061706543,-0.02164461277425289,0.6091722846031189,0.460895299911499,-0.04006307199597359,0.599431574344635,0.36658814549446106,-0.06151362881064415,0.5892085433006287,0.28401440382003784,-0.07856620103120804,0.6885684132575989,0.6235972046852112,-0.03392649069428444,0.6867831945419312,0.48678213357925415,-0.057960424572229385,0.6829119920730591,0.3978840708732605,-0.07556089013814926,0.6746377944946289,0.3159157633781433,-0.08866755664348602,0.7503707408905029,0.6594340801239014,-0.04982158541679382,0.7665245532989502,0.5531564950942993,-0.07417206466197968,0.7763017416000366,0.4816465377807617,-0.08388198167085648,0.7821842432022095,0.41113051772117615,-0.09022276103496552
Hello,0.6795470714569092,0.9547997713088989,6.06777575740125e-07,0.5785869359970093,0.9046258330345154,-0.03314376622438431,0.5008968114852905,0.8068429827690125,-0.047627195715904236,0.45015621185302734,0.7192621827125549,-0.06000623106956482,0.41059136390686035,0.6452134251594543,-0.0711226761341095,0.5557922124862671,0.6291420459747314,-0.016986368224024773,0.5314016938209534,0.4914259910583496,-0.039939314126968384,0.5179282426834106,0.4084685742855072,-0.06094610318541527,0.5084313750267029,0.3353944420814514,-0.07714826613664627,0.6191122531890869,0.6129668354988098,-0.023233916610479355,0.6030130982398987,0.46143996715545654,-0.04100905358791351,0.5943254232406616,0.3678532540798187,-0.060753047466278076,0.5857594013214111,0.2871486246585846,-0.0762019008398056,0.6797593235969543,0.625571072101593,-0.03555005043745041,0.6763238906860352,0.4861590266227722,-0.057358454912900925,0.672288179397583,0.3982141315937042,-0.07313312590122223,0.6645423173904419,0.31948918104171753,-0.08495602011680603,0.7405471801757812,0.6597372889518738,-0.051346685737371445,0.75673508644104,0.5516557693481445,-0.07268095016479492,0.7671126127243042,0.4794377088546753,-0.08036781847476959,0.7745137810707092,0.4111447334289551,-0.08521696925163269
Hello,0.6697393655776978,0.9513077139854431,6.26750704668666e-07,0.5701295733451843,0.9020554423332214,-0.036188755184412,0.49201610684394836,0.8081169128417969,-0.05356397107243538,0.44074541330337524,0.7211218476295471,-0.0682392343878746,0.4013046622276306,0.6464590430259705,-0.081391841173172,0.5441601872444153,0.6298789978027344,-0.022068148478865623,0.5177040696144104,0.49264299869537354,-0.04712323099374771,0.5021783113479614,0.41051509976387024,-0.0691697970032692,0.4911729693412781,0.3369204103946686,-0.08602415770292282,0.6073447465896606,0.6119327545166016,-0.027379248291254044,0.5889379978179932,0.46042633056640625,-0.04710188880562782,0.5782694816589355,0.36740240454673767,-0.06781954318284988,0.5679347515106201,0.2858019173145294,-0.08383908867835999,0.668927013874054,0.6233068704605103,-0.03876769542694092,0.6633666157722473,0.48427969217300415,-0.06254478543996811,0.6580548882484436,0.39527446031570435,-0.07932037115097046,0.649233877658844,0.31462928652763367,-0.09163560718297958,0.7316082119941711,0.6564960479736328,-0.053726788610219955,0.747261643409729,0.5492579936981201,-0.07669756561517715,0.756794273853302,0.47757256031036377,-0.08525659888982773,0.7633242607116699,0.40922117233276367,-0.09053149074316025
Hello,0.6676028966903687,0.9480991363525391,6.258974849515653e-07,0.5668450593948364,0.9024164080619812,-0.036946579813957214,0.487952321767807,0.8124756813049316,-0.053318653255701065,0.4370117783546448,0.730941891670227,-0.06679563224315643,0.39379680156707764,0.6607236266136169,-0.07886699587106705,0.5397437810897827,0.6285407543182373,-0.02043450064957142,0.5127537846565247,0.49277713894844055,-0.043817002326250076,0.49699997901916504,0.41023942828178406,-0.06525856256484985,0.48526400327682495,0.33637186884880066,-0.08211197704076767,0.603944718837738,0.6090346574783325,-0.02553960680961609,0.5852250456809998,0.4595682621002197,-0.043933942914009094,0.5740481019020081,0.3665865957736969,-0.06477966159582138,0.5631394982337952,0.28547030687332153,-0.08133742958307266,0.6651642322540283,0.6201974749565125,-0.036939844489097595,0.6601850390434265,0.4829034209251404,-0.06012657657265663,0.6553341746330261,0.3959307372570038,-0.07697005569934845,0.6467232704162598,0.31735357642173767,-0.08962341398000717,0.7267680168151855,0.6534240245819092,-0.05206826701760292,0.7410777807235718,0.5481367707252502,-0.07491929829120636,0.7497543096542358,0.4777284264564514,-0.08344494551420212,0.7553756833076477,0.409717857837677,-0.0889824852347374
Hello,0.6685169339179993,0.9500347971916199,5.980985520182003e-07,0.5685759782791138,0.9039826393127441,-0.034475889056921005,0.4909025728702545,0.8086661696434021,-0.049320951104164124,0.4416833817958832,0.7215706706047058,-0.061708174645900726,0.39800769090652466,0.6516588926315308,-0.07273098081350327,0.5396384596824646,0.6270661354064941,-0.01793232373893261,0.5119007229804993,0.49202144145965576,-0.04132750257849693,0.4968602955341339,0.40957513451576233,-0.06310196965932846,0.48602914810180664,0.33548834919929504,-0.08017474412918091,0.6038879752159119,0.6080038547515869,-0.024065494537353516,0.5841121673583984,0.458772212266922,-0.04274650663137436,0.573276698589325,0.36489421129226685,-0.06372726708650589,0.5627909302711487,0.28355273604393005,-0.08016181737184525,0.6661477088928223,0.6202027797698975,-0.03629215806722641,0.660887598991394,0.480172336101532,-0.060232240706682205,0.6555414199829102,0.3925146162509918,-0.07670886814594269,0.6465493440628052,0.3131934702396393,-0.08869629353284836,0.7302119135856628,0.6538997888565063,-0.05194506794214249,0.7449532747268677,0.5448664426803589,-0.07556585222482681,0.7526042461395264,0.4726106822490692,-0.083934485912323,0.756425142288208,0.4026544988155365,-0.08903934061527252
Hello,0.6757141351699829,0.9479948878288269,5.88338366469543e-07,0.5745959281921387,0.8979035019874573,-0.03159889951348305,0.49587753415107727,0.8003051280975342,-0.04527474567294121,0.44848665595054626,0.7126190662384033,-0.057143259793519974,0.40613240003585815,0.642711341381073,-0.06791895627975464,0.5468219518661499,0.621746301651001,-0.017203234136104584,0.5185057520866394,0.48495715856552124,-0.04176899418234825,0.5040649771690369,0.4001292288303375,-0.06420252472162247,0.49388617277145386,0.3252221941947937,-0.0814315527677536,0.6107362508773804,0.60346919298172,-0.024761943146586418,0.5914450883865356,0.4533241391181946,-0.044535208493471146,0.5807726979255676,0.35862091183662415,-0.06599636375904083,0.570378303527832,0.2763423025608063,-0.08249428123235703,0.6731021404266357,0.6158616542816162,-0.038122277706861496,0.6669588088989258,0.47366929054260254,-0.06262779235839844,0.661095917224884,0.3861439824104309,-0.07919339090585709,0.6520032286643982,0.30756375193595886,-0.09112833440303802,0.7369084358215332,0.6513718366622925,-0.054651062935590744,0.7524763345718384,0.5434398651123047,-0.07893061637878418,0.7607463002204895,0.4719240367412567,-0.08746810257434845,0.7653566002845764,0.40308260917663574,-0.09248756617307663
Hello,0.6788249015808105,0.9493861198425293,5.635621391775203e-07,0.5793145895004272,0.8974500298500061,-0.03218027576804161,0.5050647854804993,0.7992574572563171,-0.046251848340034485,0.46040961146354675,0.7094976902008057,-0.05839129909873009,0.4199759066104889,0.641472578048706,-0.06988382339477539,0.5567128658294678,0.6200088858604431,-0.018558014184236526,0.5298804044723511,0.4825952649116516,-0.04357178881764412,0.5154059529304504,0.39699259400367737,-0.06659955531358719,0.5051468014717102,0.3205416202545166,-0.08458635210990906,0.6214962601661682,0.6034918427467346,-0.02634958177804947,0.6035096049308777,0.45319774746894836,-0.04676166549324989,0.5937768220901489,0.35850659012794495,-0.06915488839149475,0.5834207534790039,0.2748880982398987,-0.0866461992263794,0.682915210723877,0.6173672676086426,-0.03990580886602402,0.6782999038696289,0.47470736503601074,-0.06498119235038757,0.6741352677345276,0.383736252784729,-0.08232688158750534,0.6661880612373352,0.3014514148235321,-0.09512629359960556,0.7449573278427124,0.6533657908439636,-0.056685905903577805,0.7595713138580322,0.5440624952316284,-0.08117605000734329,0.7683560848236084,0.47111591696739197,-0.08999291062355042,0.7731435894966125,0.4006989300251007,-0.0956326350569725
Hello,0.677815318107605,0.9496347904205322,5.205609454606019e-07,0.5846166014671326,0.8949112892150879,-0.03857361897826195,0.5183859467506409,0.7875502705574036,-0.05604696646332741,0.4868547320365906,0.6825872659683228,-0.07118801027536392,0.46647530794143677,0.597358763217926,-0.08406751602888107,0.5581972599029541,0.6173469424247742,-0.010028239339590073,0.5454795360565186,0.49172383546829224,-0.03329487517476082,0.5378102660179138,0.41809511184692383,-0.056278593838214874,0.5320731401443481,0.35127630829811096,-0.07416678965091705,0.6192276477813721,0.6053119897842407,-0.01290297694504261,0.6103677749633789,0.47384005784988403,-0.03059631586074829,0.607859194278717,0.39585503935813904,-0.05066072195768356,0.6062672734260559,0.3246614634990692,-0.0664764791727066,0.6771309971809387,0.6191582679748535,-0.023170078173279762,0.6728200912475586,0.4930434823036194,-0.0437176488339901,0.6710681319236755,0.41558459401130676,-0.055670324712991714,0.6695404648780823,0.3434543311595917,-0.06504932790994644,0.7363601922988892,0.6522234678268433,-0.038133300840854645,0.7445181608200073,0.5486085414886475,-0.05666356161236763,0.7532763481140137,0.48241421580314636,-0.06128579005599022,0.7625982165336609,0.42007970809936523,-0.06431475281715393
Hello,0.6705127954483032,0.9507527351379395,-7.200123945949599e-07,0.5881891846656799,0.8924652934074402,-0.028785815462470055,0.5238352417945862,0.7770012021064758,-0.04546945169568062,0.4971705377101898,0.6689116954803467,-0.06714129447937012,0.5143320560455322,0.5819143652915955,-0.08249267190694809,0.5688139796257019,0.6350328922271729,0.008691824972629547,0.5604350566864014,0.5141702890396118,-0.03715697303414345,0.5445978045463562,0.5598459243774414,-0.06718677282333374,0.5454848408699036,0.6223890781402588,-0.07952500879764557,0.6205417513847351,0.625141978263855,0.0020850093569606543,0.6078317761421204,0.49878615140914917,-0.04879574477672577,0.5913610458374023,0.5874100923538208,-0.06867717206478119,0.5975050926208496,0.6646040081977844,-0.06760749220848083,0.6758198738098145,0.632610559463501,-0.013685510493814945,0.6706515550613403,0.5048081874847412,-0.05884251743555069,0.651186466217041,0.5774280428886414,-0.05982876569032669,0.6533116102218628,0.6496025323867798,-0.04588106647133827,0.7344560027122498,0.654064953327179,-0.03276129439473152,0.7339684963226318,0.5454146265983582,-0.056009966880083084,0.7146020531654358,0.5705815553665161,-0.05216556414961815,0.7111693024635315,0.6152629852294922,-0.04124044254422188
Hello,0.6646972298622131,0.9549167156219482,-7.70724341236928e-07,0.5873469114303589,0.88826984167099,-0.028781939297914505,0.5225625038146973,0.7704024314880371,-0.04210590198636055,0.4958536624908447,0.6603835821151733,-0.06000166013836861,0.5164527297019958,0.5727015733718872,-0.06983093172311783,0.5589724183082581,0.6420274972915649,0.01619120128452778,0.5463951230049133,0.5374820232391357,-0.026226969435811043,0.5467868447303772,0.613021731376648,-0.052622951567173004,0.5552839040756226,0.6729671955108643,-0.0635402500629425,0.613173246383667,0.633971095085144,0.011230573058128357,0.5993836522102356,0.5230962038040161,-0.03454874828457832,0.5965723395347595,0.622333288192749,-0.04909704625606537,0.6063248515129089,0.6805631518363953,-0.045405033975839615,0.6706364154815674,0.6416090130805969,-0.0035243744496256113,0.6647553443908691,0.5285043716430664,-0.04437412694096565,0.6522976160049438,0.6114999055862427,-0.03604242578148842,0.654517412185669,0.6685321927070618,-0.017035821452736855,0.7300698757171631,0.6625645160675049,-0.022215411067008972,0.7261340618133545,0.5638217926025391,-0.040797989815473557,0.7062109112739563,0.6101374626159668,-0.029270010069012642,0.7015329599380493,0.6572078466415405,-0.013612261973321438
Hello,0.6668495535850525,0.9411652088165283,-1.8519719446885574e-07,0.5828744173049927,0.8905979990959167,-0.019163936376571655,0.5160520672798157,0.7867212295532227,-0.029791833832859993,0.48665928840637207,0.6849649548530579,-0.04354063794016838,0.4984791874885559,0.6128559112548828,-0.05293765664100647,0.5583774447441101,0.6315014958381653,0.02066865935921669,0.5486912727355957,0.5327739715576172,-0.004604213405400515,0.5419126152992249,0.5307456851005554,-0.028639478608965874,0.5392364859580994,0.552536129951477,-0.04235105216503143,0.6136751770973206,0.6263580322265625,0.013801440596580505,0.6062717437744141,0.5175802707672119,-0.012529660016298294,0.6007015705108643,0.5290452241897583,-0.03355955705046654,0.5955395698547363,0.5642342567443848,-0.04148883372545242,0.6691247224807739,0.6383912563323975,0.00023881980450823903,0.6680940985679626,0.532576858997345,-0.022664874792099,0.6626327633857727,0.5290707349777222,-0.03032146766781807,0.6558827757835388,0.5516281127929688,-0.02983814664185047,0.7261297702789307,0.6695661544799805,-0.01598714478313923,0.7274048924446106,0.5868054032325745,-0.030013134703040123,0.7261608242988586,0.5608757138252258,-0.03110819309949875,0.7224540114402771,0.5543639659881592,-0.027802325785160065
Hello,0.661166250705719,0.9210065007209778,5.977714181426563e-07,0.5701943635940552,0.879150390625,-0.035146161913871765,0.502897322177887,0.7799409031867981,-0.04942023381590843,0.46423882246017456,0.6851233839988708,-0.06021583825349808,0.4297534227371216,0.605297327041626,-0.06905825436115265,0.556450366973877,0.6162183284759521,-0.01636880822479725,0.5365384221076965,0.49285024404525757,-0.03643559664487839,0.5248414874076843,0.41814863681793213,-0.055869005620479584,0.5155437588691711,0.35315123200416565,-0.07077376544475555,0.6143723130226135,0.6028004288673401,-0.018083207309246063,0.5981390476226807,0.4700436592102051,-0.033571757376194,0.5885981917381287,0.38770610094070435,-0.05254526808857918,0.577997088432312,0.3204067647457123,-0.06686883419752121,0.6712009906768799,0.6155404448509216,-0.025418689474463463,0.6667531132698059,0.49272313714027405,-0.04601878672838211,0.6639504432678223,0.415206640958786,-0.061427947133779526,0.6578078866004944,0.34740549325942993,-0.07181171327829361,0.7288537621498108,0.6488289833068848,-0.03603721782565117,0.7393385171890259,0.546522855758667,-0.05772081017494202,0.7468815445899963,0.4819076657295227,-0.06641095131635666,0.7507270574569702,0.42248502373695374,-0.07077930867671967
Hello,0.6674709916114807,0.9232659339904785,5.081392373540439e-07,0.5744392275810242,0.8771754503250122,-0.03396912291646004,0.5041395425796509,0.7798169851303101,-0.04797813668847084,0.46592605113983154,0.6856134533882141,-0.05915967375040054,0.438994437456131,0.602501630783081,-0.06811678409576416,0.5572981238365173,0.6108160018920898,-0.014407631009817123,0.5373629331588745,0.48582950234413147,-0.034809410572052,0.5273824334144592,0.41108065843582153,-0.054358139634132385,0.5210198760032654,0.34428590536117554,-0.06973982602357864,0.6170289516448975,0.594627857208252,-0.01789671741425991,0.6028016209602356,0.459073007106781,-0.0334973968565464,0.5943028926849365,0.37519752979278564,-0.05182797834277153,0.5854281783103943,0.30387696623802185,-0.06635478138923645,0.675091028213501,0.6064618229866028,-0.02749372087419033,0.6758381128311157,0.4770967364311218,-0.048381201922893524,0.6753150820732117,0.39728614687919617,-0.06350415199995041,0.6710430979728699,0.3256836235523224,-0.0744113177061081,0.7330417037010193,0.639417290687561,-0.04054417461156845,0.7498737573623657,0.5355204343795776,-0.06262880563735962,0.7597600817680359,0.4671018719673157,-0.07184839248657227,0.7660994529724121,0.40217721462249756,-0.07726790755987167
Hello,0.670389711856842,0.9284604787826538,4.4041951241524657e-07,0.5742438435554504,0.8813660144805908,-0.027599863708019257,0.5019379258155823,0.7817028760910034,-0.03814804553985596,0.4631079435348511,0.6893005967140198,-0.04736090824007988,0.42919719219207764,0.6194142699241638,-0.05500468984246254,0.5518657565116882,0.6165808439254761,-0.009073752909898758,0.5276747941970825,0.4889679253101349,-0.028247568756341934,0.5145318508148193,0.4155874252319336,-0.0467916764318943,0.5047124624252319,0.3511457145214081,-0.06116494908928871,0.6121801733970642,0.5975905656814575,-0.015292182564735413,0.5921335220336914,0.4607914090156555,-0.029498402029275894,0.5811675190925598,0.37804165482521057,-0.04702470079064369,0.5707101821899414,0.3068377673625946,-0.0608237199485302,0.6718561053276062,0.6054294109344482,-0.026993364095687866,0.6684734225273132,0.4770332872867584,-0.04548623785376549,0.6660699248313904,0.39683350920677185,-0.05974908918142319,0.6605207324028015,0.3259715139865875,-0.0703260600566864,0.7323105335235596,0.6347957253456116,-0.04173426330089569,0.7464210391044617,0.5334039330482483,-0.0602085143327713,0.7544658184051514,0.46637436747550964,-0.06698085367679596,0.7598772644996643,0.403980553150177,-0.0710463672876358
Hello,0.6561498641967773,0.9547886848449707,3.876634764310438e-07,0.5577576756477356,0.9213004112243652,-0.028044862672686577,0.4800785779953003,0.8330346345901489,-0.04041547328233719,0.4314727783203125,0.7480326890945435,-0.05251769721508026,0.3837026357650757,0.6868889927864075,-0.06346888095140457,0.5080752968788147,0.658713161945343,-0.004916719626635313,0.47190389037132263,0.5408375859260559,-0.02736317366361618,0.4497799277305603,0.46799200773239136,-0.05019458383321762,0.43060845136642456,0.40669459104537964,-0.06745828688144684,0.563969075679779,0.627597987651825,-0.01215093769133091,0.5406273603439331,0.49553346633911133,-0.028643380850553513,0.5225144028663635,0.416018545627594,-0.04886641725897789,0.5050475597381592,0.34856730699539185,-0.06470108032226562,0.6223278045654297,0.6248401999473572,-0.025415435433387756,0.6086875796318054,0.5005764961242676,-0.04327018931508064,0.5968888401985168,0.4249711334705353,-0.056346725672483444,0.582643449306488,0.35854941606521606,-0.0666193813085556,0.6834105849266052,0.6452475190162659,-0.042495425790548325,0.6896774172782898,0.5458083152770996,-0.05839464068412781,0.6909916400909424,0.48113882541656494,-0.0635417029261589,0.6899401545524597,0.4209921956062317,-0.06706352531909943
Hello,0.6642704010009766,0.9444878697395325,4.860893341174233e-07,0.5724101662635803,0.9027862548828125,-0.028466330841183662,0.4959569275379181,0.8156453967094421,-0.04299774020910263,0.44446784257888794,0.7387706637382507,-0.05742066726088524,0.4059751629829407,0.6715410947799683,-0.07020064443349838,0.5249665975570679,0.6446284055709839,-0.0069681801833212376,0.49233317375183105,0.526681661605835,-0.031178642064332962,0.47074559330940247,0.45589694380760193,-0.05443134158849716,0.4535292387008667,0.3946768641471863,-0.07140611857175827,0.5765134692192078,0.6243453025817871,-0.014290494844317436,0.5489070415496826,0.49125874042510986,-0.03390227258205414,0.5304094552993774,0.41281014680862427,-0.05495987832546234,0.5143933296203613,0.347025066614151,-0.07014665007591248,0.632045567035675,0.6264157891273499,-0.027431070804595947,0.6137465238571167,0.5006438493728638,-0.048369742929935455,0.5987949371337891,0.426430881023407,-0.06063224375247955,0.5835697054862976,0.3641546964645386,-0.06907545030117035,0.694205641746521,0.6491115093231201,-0.0442257784307003,0.6981382369995117,0.5461902618408203,-0.06193329393863678,0.6982599496841431,0.48077452182769775,-0.06594540178775787,0.6967896223068237,0.42283210158348083,-0.06769788265228271
Hello,0.7031964063644409,0.9045686721801758,5.271212444313278e-07,0.605745792388916,0.8541116714477539,-0.027725201100111008,0.5309233069419861,0.7499902248382568,-0.03750380128622055,0.4882661998271942,0.6588476300239563,-0.046516165137290955,0.45372557640075684,0.5963525772094727,-0.054574817419052124,0.5890781879425049,0.5822503566741943,-0.012190219014883041,0.576060950756073,0.45779791474342346,-0.03375953435897827,0.5703442692756653,0.38111233711242676,-0.05445351451635361,0.565678060054779,0.31351834535598755,-0.07057119905948639,0.6515084505081177,0.5717556476593018,-0.018848929554224014,0.6381049156188965,0.43823757767677307,-0.034848086535930634,0.6302215456962585,0.3604549467563629,-0.05277087166905403,0.6231571435928345,0.293842077255249,-0.06652866303920746,0.7141631841659546,0.5856795907020569,-0.030772706493735313,0.7131693959236145,0.4574261009693146,-0.0509132519364357,0.7114832997322083,0.3836309313774109,-0.06315916776657104,0.7088946104049683,0.3200034201145172,-0.07154922187328339,0.7779244780540466,0.6216557025909424,-0.04594286158680916,0.7964924573898315,0.5193589925765991,-0.0663459300994873,0.8088619112968445,0.452741801738739,-0.07242502272129059,0.8200029134750366,0.3910195827484131,-0.07511060684919357
Hello,0.6825648546218872,0.918837308883667,4.5612816279572144e-07,0.5814988017082214,0.8700833320617676,-0.023203648626804352,0.5094448328018188,0.7592054605484009,-0.028681281954050064,0.4747605323791504,0.6659578084945679,-0.033947281539440155,0.44469642639160156,0.604988694190979,-0.03788738697767258,0.581623911857605,0.5846878290176392,-0.000273035722784698,0.5676389336585999,0.4620366394519806,-0.016729412600398064,0.5596247315406799,0.3882880210876465,-0.03559718653559685,0.5530741214752197,0.32767701148986816,-0.05032309517264366,0.6437863111495972,0.5728411674499512,-0.0072432104498147964,0.6317809820175171,0.4398435354232788,-0.018813807517290115,0.621924877166748,0.3627163767814636,-0.0355028472840786,0.6132034659385681,0.2992318570613861,-0.048409052193164825,0.7058392763137817,0.5850535035133362,-0.019544705748558044,0.707629382610321,0.4561234712600708,-0.03530396893620491,0.7039963603019714,0.3852890431880951,-0.04627700522542,0.699842095375061,0.32649359107017517,-0.05412084609270096,0.7693682909011841,0.6196208596229553,-0.03511250019073486,0.7940119504928589,0.5178285837173462,-0.05190453305840492,0.806926429271698,0.4541468620300293,-0.05705767497420311,0.8191334009170532,0.3958721160888672,-0.05929352715611458
Hello,0.6567383408546448,0.9659608602523804,3.5620203675534867e-07,0.5621142983436584,0.9173418283462524,-0.03007255122065544,0.4862062931060791,0.8223200440406799,-0.044613588601350784,0.437762051820755,0.7333998680114746,-0.0586535781621933,0.39690184593200684,0.6592432856559753,-0.07131700962781906,0.526481568813324,0.6504135131835938,-0.007145071867853403,0.4986463785171509,0.5312352180480957,-0.02912137657403946,0.48083779215812683,0.4566607177257538,-0.051586054265499115,0.46582531929016113,0.39221662282943726,-0.06945917755365372,0.5830093622207642,0.627994179725647,-0.014139189384877682,0.561217188835144,0.4949833154678345,-0.03174453228712082,0.5459169149398804,0.41354990005493164,-0.0520462803542614,0.531146764755249,0.34463179111480713,-0.06836988031864166,0.6426467299461365,0.6348118185997009,-0.02743692323565483,0.6317104697227478,0.5085678100585938,-0.04772259667515755,0.6221762299537659,0.43315589427948,-0.06209680438041687,0.6088687181472778,0.36663225293159485,-0.07322552055120468,0.7061101198196411,0.6647592782974243,-0.04446195811033249,0.7170727849006653,0.5622793436050415,-0.06353714317083359,0.7206012606620789,0.49378496408462524,-0.07151494920253754,0.7196502089500427,0.42938345670700073,-0.077110655605793
Hello,0.6783842444419861,0.928276538848877,3.1579241976942285e-07,0.5794765949249268,0.8744803667068481,-0.019212108105421066,0.5062645673751831,0.7671054601669312,-0.025521408766508102,0.46789097785949707,0.6799960136413574,-0.032714106142520905,0.43459552526474,0.6195944547653198,-0.038553327322006226,0.5647448897361755,0.6030629873275757,0.004194078966975212,0.5450776219367981,0.47680217027664185,-0.012600654736161232,0.5279908180236816,0.4077875316143036,-0.03126687929034233,0.5086098909378052,0.3523639142513275,-0.04548928141593933,0.6210706233978271,0.5936344861984253,-0.0038964273408055305,0.6023435592651367,0.46124014258384705,-0.0141759617254138,0.5876142382621765,0.3902651071548462,-0.028637107461690903,0.5717264413833618,0.3335556089878082,-0.04017055407166481,0.6762198805809021,0.6063281893730164,-0.017123978585004807,0.6648198366165161,0.4852633476257324,-0.027797458693385124,0.6526967287063599,0.4166754484176636,-0.033003099262714386,0.6374117732048035,0.35970526933670044,-0.03823322057723999,0.7349929213523865,0.637771487236023,-0.03375810384750366,0.73475182056427,0.5406138300895691,-0.042898330837488174,0.7266445159912109,0.4921690821647644,-0.03989241644740105,0.7140116691589355,0.4549034833908081,-0.037489403039216995
Hello,0.7047619223594666,0.9097723960876465,5.035889216742362e-07,0.6133551597595215,0.852338433265686,-0.026001863181591034,0.5504252910614014,0.7535386085510254,-0.036060772836208344,0.512602686882019,0.6667987108230591,-0.045676469802856445,0.4796189069747925,0.5949124097824097,-0.05408167839050293,0.6024287939071655,0.5874711871147156,-0.007994593121111393,0.5830032229423523,0.4597319960594177,-0.02759230136871338,0.5764850974082947,0.38347989320755005,-0.046413470059633255,0.5719988346099854,0.3182232975959778,-0.06075817346572876,0.6640726327896118,0.5761194825172424,-0.015545881353318691,0.6557057499885559,0.4357893466949463,-0.02973376400768757,0.6518903970718384,0.35270601511001587,-0.04772571846842766,0.6474679112434387,0.28407973051071167,-0.06155749782919884,0.724564790725708,0.5912359952926636,-0.028481077402830124,0.7301569581031799,0.4593009650707245,-0.04822724312543869,0.7331636548042297,0.37975525856018066,-0.06421193480491638,0.7318212389945984,0.31042876839637756,-0.07570888102054596,0.7847185730934143,0.6294800043106079,-0.04413793608546257,0.8123270869255066,0.5280052423477173,-0.06478970497846603,0.8292149901390076,0.4630950689315796,-0.07270103693008423,0.8412491679191589,0.40264004468917847,-0.07716976851224899
Hello,0.677314043045044,0.9358519315719604,5.285427846501989e-07,0.5815792083740234,0.8935924768447876,-0.03397933021187782,0.5088940262794495,0.7987266778945923,-0.04945686087012291,0.47289198637008667,0.7083526849746704,-0.06292024254798889,0.451025128364563,0.6365699768066406,-0.07436864078044891,0.5666182637214661,0.613512396812439,-0.015536847524344921,0.5526012182235718,0.483653724193573,-0.037962451577186584,0.5491107106208801,0.4053788483142853,-0.05996999144554138,0.5478036403656006,0.3400883674621582,-0.07629536837339401,0.6277666687965393,0.6001543998718262,-0.018153829500079155,0.6177170276641846,0.4666282832622528,-0.03480679169297218,0.6128460168838501,0.38978445529937744,-0.05251423642039299,0.610908031463623,0.32756704092025757,-0.06574951112270355,0.6880242824554443,0.6104774475097656,-0.026875782757997513,0.6873705387115479,0.4880271852016449,-0.04390930384397507,0.6850562691688538,0.4174593985080719,-0.05348745360970497,0.6823834776878357,0.36044809222221375,-0.06033504381775856,0.7503159642219543,0.6419881582260132,-0.040022965520620346,0.7677313089370728,0.5421861410140991,-0.05531192943453789,0.7750042676925659,0.48086920380592346,-0.05881104618310928,0.780652642250061,0.42726385593414307,-0.05995938181877136
Hello,0.6723048686981201,0.9579973220825195,4.176271204414661e-07,0.5754270553588867,0.9139865636825562,-0.026842013001441956,0.49908339977264404,0.8235886096954346,-0.03877870365977287,0.45600491762161255,0.7394714951515198,-0.04997997358441353,0.421980619430542,0.6663267612457275,-0.05977601930499077,0.5432748198509216,0.6565777063369751,-0.011842932552099228,0.5119431614875793,0.531523585319519,-0.033895328640937805,0.49510103464126587,0.45481759309768677,-0.054231908172369,0.4813864827156067,0.38890162110328674,-0.07006104290485382,0.6005182266235352,0.6343403458595276,-0.01970895379781723,0.5763090252876282,0.4973907470703125,-0.03777461126446724,0.5635774731636047,0.4129520654678345,-0.057123564183712006,0.5523602962493896,0.3413747251033783,-0.07198971509933472,0.660195529460907,0.6405103206634521,-0.03310074284672737,0.6510267853736877,0.510166585445404,-0.05513465404510498,0.6455472111701965,0.42971161007881165,-0.0716809630393982,0.6362326741218567,0.3590856194496155,-0.08356143534183502,0.7229568958282471,0.6690759062767029,-0.04939187690615654,0.737617015838623,0.5670494437217712,-0.0712050348520279,0.7445883750915527,0.4983254075050354,-0.0807640552520752,0.7482553124427795,0.4339737892150879,-0.0868033617734909
Hello,0.6899114847183228,0.9467843770980835,5.556400424211461e-07,0.590424120426178,0.8974518179893494,-0.03026653453707695,0.520060122013092,0.7968860268592834,-0.04014265909790993,0.48145580291748047,0.7043306827545166,-0.048511698842048645,0.4474552869796753,0.6303582191467285,-0.05509335175156593,0.5814861059188843,0.6276450157165527,-0.00976510625332594,0.5581967234611511,0.49591803550720215,-0.029640961438417435,0.5468810200691223,0.4161393344402313,-0.048560041934251785,0.5373896360397339,0.3486374616622925,-0.0627564787864685,0.6419804692268372,0.6124187111854553,-0.015105259604752064,0.6258509159088135,0.4707918167114258,-0.029457401484251022,0.6144366264343262,0.3842453360557556,-0.04724576696753502,0.6037341356277466,0.3134751319885254,-0.0606580451130867,0.701341986656189,0.6236666440963745,-0.02629871852695942,0.6995689868927002,0.49168655276298523,-0.045695964246988297,0.6955041885375977,0.40987321734428406,-0.0600440576672554,0.6887460947036743,0.33931490778923035,-0.07006713002920151,0.7600035071372986,0.6586055159568787,-0.040968846529722214,0.7817741632461548,0.5560314059257507,-0.06125054135918617,0.7946758270263672,0.4885692000389099,-0.06843224912881851,0.803992748260498,0.42710059881210327,-0.07200942933559418
Hello,0.6719531416893005,0.9572175145149231,4.69343774511799e-07,0.5797499418258667,0.9088501334190369,-0.025942126289010048,0.5069688558578491,0.8118212223052979,-0.03741991147398949,0.4673880934715271,0.7235819101333618,-0.048010777682065964,0.4352250099182129,0.6540491580963135,-0.057248592376708984,0.557911217212677,0.6434053182601929,-0.014608158729970455,0.5324227809906006,0.5127934217453003,-0.03794737532734871,0.5193312168121338,0.4350575804710388,-0.05843052268028259,0.5101102590560913,0.36912253499031067,-0.0735255554318428,0.6152365207672119,0.6256563663482666,-0.022092953324317932,0.5976543426513672,0.48267683386802673,-0.04028058797121048,0.590013861656189,0.39583101868629456,-0.0582134835422039,0.5854384899139404,0.32395121455192566,-0.07174880057573318,0.6743128895759583,0.6347776651382446,-0.034796860069036484,0.6708698868751526,0.5000571608543396,-0.05645301938056946,0.6707249283790588,0.41939371824264526,-0.07141587138175964,0.6685433387756348,0.3520245850086212,-0.08186641335487366,0.7371758818626404,0.6660662889480591,-0.050397876650094986,0.7580969929695129,0.5611094236373901,-0.07136529684066772,0.7694538235664368,0.49231621623039246,-0.07983244210481644,0.777814507484436,0.4305258095264435,-0.08479688316583633
Hello,0.6782079935073853,0.968645453453064,4.3392196857894305e-07,0.5820127725601196,0.9170472621917725,-0.02854328788816929,0.5083371996879578,0.8173781037330627,-0.039301797747612,0.4635075032711029,0.7285886406898499,-0.04901758208870888,0.42926156520843506,0.6531738042831421,-0.057254642248153687,0.5593301653862,0.6543418169021606,-0.007675391621887684,0.5294570922851562,0.5284204483032227,-0.028093740344047546,0.5117415189743042,0.4540412724018097,-0.047323133796453476,0.4984685182571411,0.38843128085136414,-0.06230234354734421,0.6174668073654175,0.6355389356613159,-0.014209124259650707,0.5951762199401855,0.4980812668800354,-0.031012721359729767,0.5814202427864075,0.4139842391014099,-0.05011133477091789,0.5692085027694702,0.3422139883041382,-0.06468112766742706,0.6756637692451477,0.6449005603790283,-0.02667337842285633,0.6670595407485962,0.5157526731491089,-0.04836174473166466,0.6608043909072876,0.4359632730484009,-0.06420837342739105,0.6522411108016968,0.3654448091983795,-0.07537631690502167,0.7355940937995911,0.6753329634666443,-0.04217845946550369,0.7505433559417725,0.5716529488563538,-0.0630335882306099,0.7605551481246948,0.5038686990737915,-0.07098892331123352,0.7683965563774109,0.4410339593887329,-0.07578674703836441
Hello,0.67693030834198,0.9661898016929626,4.801973432222439e-07,0.583279550075531,0.9131206274032593,-0.02766037918627262,0.5137337446212769,0.8146746158599854,-0.03679533675312996,0.4753704071044922,0.7261704802513123,-0.04494734853506088,0.44502776861190796,0.6508647799491882,-0.05149039626121521,0.5680074095726013,0.6441618204116821,-0.004640320781618357,0.5436365604400635,0.51617431640625,-0.02323804795742035,0.528477668762207,0.4393591284751892,-0.04196595028042793,0.5166001915931702,0.37058281898498535,-0.05726063251495361,0.6274271011352539,0.6303582191467285,-0.011538246646523476,0.609290361404419,0.4927231967449188,-0.027346519753336906,0.5976752638816833,0.4070887863636017,-0.047055091708898544,0.5859938263893127,0.33289724588394165,-0.06264054030179977,0.6851666569709778,0.6439335346221924,-0.024406393989920616,0.6842668652534485,0.5134433507919312,-0.046679459512233734,0.6807081699371338,0.43098846077919006,-0.06295894086360931,0.6733505725860596,0.35687917470932007,-0.074603371322155,0.7446123361587524,0.677864134311676,-0.04027450457215309,0.7644014358520508,0.5735027194023132,-0.06325644254684448,0.7747892737388611,0.504165530204773,-0.07264773547649384,0.7808901071548462,0.43689197301864624,-0.07837508618831635
Hello,0.6775869727134705,0.9689509868621826,4.917967544315616e-07,0.5820817947387695,0.9173138737678528,-0.029978327453136444,0.5106348991394043,0.8184143304824829,-0.04163382947444916,0.4676416218280792,0.7286368012428284,-0.0516950748860836,0.43174874782562256,0.6538218855857849,-0.060243330895900726,0.562805712223053,0.6501201391220093,-0.009489349089562893,0.5372122526168823,0.5219385623931885,-0.028956418856978416,0.5220241546630859,0.445803701877594,-0.04788888990879059,0.5103015303611755,0.3774224817752838,-0.06324578821659088,0.6231899857521057,0.6329372525215149,-0.015908734872937202,0.6045883893966675,0.4944429397583008,-0.03206060826778412,0.5938573479652405,0.40837520360946655,-0.05162535607814789,0.5834138989448547,0.3325492739677429,-0.0670923963189125,0.6817697286605835,0.6444813013076782,-0.02818867936730385,0.6776700019836426,0.514695942401886,-0.05030655115842819,0.6750396490097046,0.4293687343597412,-0.06759694963693619,0.6691537499427795,0.35074692964553833,-0.08018907904624939,0.7409695386886597,0.677655041217804,-0.043527767062187195,0.7582821846008301,0.5752626061439514,-0.06577407568693161,0.7703636288642883,0.5044020414352417,-0.07529333233833313,0.7796570062637329,0.43579885363578796,-0.08136725425720215
